[
    {
        "source": "Banglore",
        "destination" : "Mumbai",
        "flightNumber" : "A832",
        "airlineName" : "Jet Airways",
        "arrivalTime" : "10:00 AM",
        "departureTime" : "8:00 AM",
        "duration" : 2,
        "stops" : 0,
        "stopName" : null,
        "price" : 4350
    },
    {
        "source": "Banglore",
        "destination" : "Mumbai",
        "flightNumber" : "S932",
        "airlineName" : "Jet Airways",
        "arrivalTime" : "7:00 PM",
        "departureTime" : "11:00 AM",
        "duration" : 8,
        "stops" : 1,
        "stopName" : "Raipur",
        "price" : 3800
    },
    {
        "source": "Banglore",
        "destination" : "Mumbai",
        "flightNumber" : "A832",
        "airlineName" : "Air India",
        "arrivalTime" : "10:00 PM",
        "departureTime" : "9:00 PM",
        "duration" : 2,
        "stops" : 0,
        "stopName" : null,
        "price" : 4750
    },
    {
        "source": "Banglore",
        "destination" : "Mumbai",
        "flightNumber" : "A332",
        "airlineName" : "Indigo",
        "arrivalTime" : "5:00 PM",
        "departureTime" : "7:30 PM",
        "duration" : 2.5,
        "stops" : 0,
        "stopName" : null,
        "price" : 5000
    },
    {
        "source": "Indore",
        "destination" : "Mumbai",
        "flightNumber" : "A332",
        "airlineName" : "Air India",
        "arrivalTime" : "5:00 AM",
        "departureTime" : "6:30 AM",
        "duration" : 1.5,
        "stops" : 0,
        "stopName" : null,
        "price" : 4000
    },
    {
        "source": "Indore",
        "destination" : "Mumbai",
        "flightNumber" : "A743",
        "airlineName" : "Indigo",
        "arrivalTime" : "5:00 PM",
        "departureTime" : "7:30 PM",
        "duration" : 2.5,
        "stops" : 0,
        "stopName" : null,
        "price" : 5000
    },
    {
        "source": "Indore",
        "destination" : "Mumbai",
        "flightNumber" : "S197",
        "airlineName" : "Indigo",
        "arrivalTime" : "10:00 PM",
        "departureTime" : "11:30 PM",
        "duration" : 1.5,
        "stops" : 0,
        "stopName" : null,
        "price" : 4700
    },
    {
        "source": "Indore",
        "destination" : "Mumbai",
        "flightNumber" : "A332",
        "airlineName" : "Spice Jet",
        "arrivalTime" : "10:00 AM",
        "departureTime" : "1:30 PM",
        "duration" : 3.5,
        "stops" : 1,
        "stopName" : "Ahemdabad",
        "price" : 3800
    },
    {
        "source": "Indore",
        "destination" : "Mumbai",
        "flightNumber" : "A890",
        "airlineName" : "Air India",
        "arrivalTime" : "1:00 PM",
        "departureTime" : "3:00 PM",
        "duration" : 2,
        "stops" : 0,
        "stopName" : null,
        "price" : 5900
    },
    {
        "source": "Indore",
        "destination" : "Mumbai",
        "flightNumber" : "A332",
        "airlineName" : "Indigo",
        "arrivalTime" : "8:00 PM",
        "departureTime" : "9:30 PM",
        "duration" : 1.5,
        "stops" : 0,
        "stopName" : null,
        "price" : 5820
    },
    {
        "source": "Indore",
        "destination" : "Mumbai",
        "flightNumber" : "A670",
        "airlineName" : "Spice Jet",
        "arrivalTime" : "9:30 PM",
        "departureTime" : "11:00 PM",
        "duration" : 1.5,
        "stops" : 0,
        "stopName" : null,
        "price" : 5000
    },
    {
        "source": "Mumbai",
        "destination" : "Indore",
        "flightNumber" : "A670",
        "airlineName" : "Spice Jet",
        "arrivalTime" : "9:30 PM",
        "departureTime" : "11:00 PM",
        "duration" : 1.5,
        "stops" : 0,
        "stopName" : null,
        "price" : 5000
    },
    {
        "source": "Mumbai",
        "destination" : "Indore",
        "flightNumber" : "A670",
        "airlineName" : "Spice Jet",
        "arrivalTime" : "6:30 PM",
        "departureTime" : "11:00 PM",
        "duration" : 5.5,
        "stops" : 1,
        "stopName" : "Ahemdabad",
        "price" : 6000
    },
    {
        "source": "Indore",
        "destination" : "Banglore",
        "flightNumber" : "A670",
        "airlineName" : "Spice Jet",
        "arrivalTime" : "9:30 AM",
        "departureTime" : "11:45 AM",
        "duration" : 2.25,
        "stops" : 0,
        "stopName" : null,
        "price" : 7000
    },
    {
        "source": "Indore",
        "destination" : "Banglore",
        "flightNumber" : "A670",
        "airlineName" : "Spice Jet",
        "arrivalTime" : "6:30 PM",
        "departureTime" : "11:30 PM",
        "duration" : 5,
        "stops" : 1,
        "stopName" : "Ahemdabad",
        "price" : 6700
    },
    {
        "source": "Indore",
        "destination" : "Banglore",
        "flightNumber" : "S900",
        "airlineName" : "Air India",
        "arrivalTime" : "8:00 PM",
        "departureTime" : "11:00 PM",
        "duration" : 3,
        "stops" : 0,
        "stopName" : null,
        "price" : 7500
    },
    {
        "source": "Indore",
        "destination" : "Banglore",
        "flightNumber" : "S900",
        "airlineName" : "Air India",
        "arrivalTime" : "8:00 PM",
        "departureTime" : "11:00 PM",
        "duration" : 3,
        "stops" : 0,
        "stopName" : null,
        "price" : 7500
    },
    {
        "source": "Indore",
        "destination" : "Banglore",
        "flightNumber" : "S900",
        "airlineName" : "Air India",
        "arrivalTime" : "8:00 PM",
        "departureTime" : "11:00 PM",
        "duration" : 3,
        "stops" : 0,
        "stopName" : null,
        "price" : 7500
    },
    {
        "source": "Banglore",
        "destination" : "Indore",
        "flightNumber" : "S900",
        "airlineName" : "Air India",
        "arrivalTime" : "8:00 AM",
        "departureTime" : "11:00 AM",
        "duration" : 3,
        "stops" : 0,
        "stopName" : null,
        "price" : 6850
    },
    {
        "source": "Banglore",
        "destination" : "Indore",
        "flightNumber" : "A700",
        "airlineName" : "Air Asia",
        "arrivalTime" : "11:00 PM",
        "departureTime" : "4:00 PM",
        "duration" : 7,
        "stops" : 1,
        "stopName" : "Raipur",
        "price" : 6500
    },
    {
        "source": "Mumbai",
        "destination" : "Banglore",
        "flightNumber" : "A690",
        "airlineName" : "Air India",
        "arrivalTime" : "8:00 PM",
        "departureTime" : "11:00 PM",
        "duration" : 3,
        "stops" : 0,
        "stopName" : null,
        "price" : 7500
    },
    {
        "source": "Mumbai",
        "destination" : "Banglore",
        "flightNumber" : "S900",
        "airlineName" : "Air India",
        "arrivalTime" : "8:00 PM",
        "departureTime" : "11:00 PM",
        "duration" : 3,
        "stops" : 0,
        "stopName" : null,
        "price" : 7500
    },
    {
        "source": "Mumbai",
        "destination" : "Banglore",
        "flightNumber" : "A400",
        "airlineName" : "Air India",
        "arrivalTime" : "8:00 AM",
        "departureTime" : "4:00 PM",
        "duration" : 8,
        "stops" : 1,
        "stopName" : "Ahemdabad",
        "price" : 4000
    },
    {
        "source": "Mumbai",
        "destination" : "Banglore",
        "flightNumber" : "A700",
        "airlineName" : "Jet Airways",
        "arrivalTime" : "4:00 PM",
        "departureTime" : "11:00 PM",
        "duration" : 7,
        "stops" : 1,
        "stopName" : "Raipur",
        "price" : 6500
    }
]